"show_city","show_town","province","city","electoral_district","town","village","candidate_no","candidate_name","political_party","party_name","vote_count"
"臺北市","臺北市第07選區","63","000","07","000","","1","李芳儒","1","中國國民黨","3598"
"臺北市","松山區","63","000","07","010","","1","李芳儒","1","中國國民黨","197"
"臺北市","信義區","63","000","07","020","","1","李芳儒","1","中國國民黨","243"
"臺北市","大安區","63","000","07","030","","1","李芳儒","1","中國國民黨","238"
"臺北市","中山區","63","000","07","040","","1","李芳儒","1","中國國民黨","280"
"臺北市","中正區","63","000","07","050","","1","李芳儒","1","中國國民黨","150"
"臺北市","大同區","63","000","07","060","","1","李芳儒","1","中國國民黨","143"
"臺北市","萬華區","63","000","07","070","","1","李芳儒","1","中國國民黨","243"
"臺北市","文山區","63","000","07","080","","1","李芳儒","1","中國國民黨","434"
"臺北市","南港區","63","000","07","090","","1","李芳儒","1","中國國民黨","404"
"臺北市","內湖區","63","000","07","100","","1","李芳儒","1","中國國民黨","601"
"臺北市","士林區","63","000","07","110","","1","李芳儒","1","中國國民黨","327"
"臺北市","北投區","63","000","07","120","","1","李芳儒","1","中國國民黨","338"
"高雄市","高雄市第12選區","64","000","12","000","","1","俄鄧．殷艾 Eteng．Ingay","16","民主進步黨","2562"
"高雄市","高雄市第12選區","64","000","12","000","","2","王義雄","1","中國國民黨","2681"
"高雄市","高雄市第12選區","64","000","12","000","","3","詹金福","90","親民黨","462"
"高雄市","鹽埕區","64","000","12","010","","1","俄鄧．殷艾 Eteng．Ingay","16","民主進步黨","10"
"高雄市","鹽埕區","64","000","12","010","","2","王義雄","1","中國國民黨","11"
"高雄市","鹽埕區","64","000","12","010","","3","詹金福","90","親民黨","1"
"高雄市","鼓山區","64","000","12","020","","1","俄鄧．殷艾 Eteng．Ingay","16","民主進步黨","62"
"高雄市","鼓山區","64","000","12","020","","2","王義雄","1","中國國民黨","74"
"高雄市","鼓山區","64","000","12","020","","3","詹金福","90","親民黨","23"
"高雄市","左營區","64","000","12","030","","1","俄鄧．殷艾 Eteng．Ingay","16","民主進步黨","178"
"高雄市","左營區","64","000","12","030","","2","王義雄","1","中國國民黨","186"
"高雄市","左營區","64","000","12","030","","3","詹金福","90","親民黨","26"
"高雄市","楠梓區","64","000","12","040","","1","俄鄧．殷艾 Eteng．Ingay","16","民主進步黨","201"
"高雄市","楠梓區","64","000","12","040","","2","王義雄","1","中國國民黨","250"
"高雄市","楠梓區","64","000","12","040","","3","詹金福","90","親民黨","43"
"高雄市","三民區","64","000","12","050","","1","俄鄧．殷艾 Eteng．Ingay","16","民主進步黨","159"
"高雄市","三民區","64","000","12","050","","2","王義雄","1","中國國民黨","119"
"高雄市","三民區","64","000","12","050","","3","詹金福","90","親民黨","24"
"高雄市","新興區","64","000","12","060","","1","俄鄧．殷艾 Eteng．Ingay","16","民主進步黨","22"
"高雄市","新興區","64","000","12","060","","2","王義雄","1","中國國民黨","16"
"高雄市","新興區","64","000","12","060","","3","詹金福","90","親民黨","3"
"高雄市","前金區","64","000","12","070","","1","俄鄧．殷艾 Eteng．Ingay","16","民主進步黨","13"
"高雄市","前金區","64","000","12","070","","2","王義雄","1","中國國民黨","8"
"高雄市","前金區","64","000","12","070","","3","詹金福","90","親民黨","1"
"高雄市","苓雅區","64","000","12","080","","1","俄鄧．殷艾 Eteng．Ingay","16","民主進步黨","81"
"高雄市","苓雅區","64","000","12","080","","2","王義雄","1","中國國民黨","67"
"高雄市","苓雅區","64","000","12","080","","3","詹金福","90","親民黨","11"
"高雄市","前鎮區","64","000","12","090","","1","俄鄧．殷艾 Eteng．Ingay","16","民主進步黨","306"
"高雄市","前鎮區","64","000","12","090","","2","王義雄","1","中國國民黨","376"
"高雄市","前鎮區","64","000","12","090","","3","詹金福","90","親民黨","33"
"高雄市","旗津區","64","000","12","100","","1","俄鄧．殷艾 Eteng．Ingay","16","民主進步黨","7"
"高雄市","旗津區","64","000","12","100","","2","王義雄","1","中國國民黨","12"
"高雄市","旗津區","64","000","12","100","","3","詹金福","90","親民黨","2"
"高雄市","小港區","64","000","12","110","","1","俄鄧．殷艾 Eteng．Ingay","16","民主進步黨","534"
"高雄市","小港區","64","000","12","110","","2","王義雄","1","中國國民黨","624"
"高雄市","小港區","64","000","12","110","","3","詹金福","90","親民黨","42"
"高雄市","鳳山區","64","000","12","120","","1","俄鄧．殷艾 Eteng．Ingay","16","民主進步黨","314"
"高雄市","鳳山區","64","000","12","120","","2","王義雄","1","中國國民黨","262"
"高雄市","鳳山區","64","000","12","120","","3","詹金福","90","親民黨","64"
"高雄市","林園區","64","000","12","130","","1","俄鄧．殷艾 Eteng．Ingay","16","民主進步黨","70"
"高雄市","林園區","64","000","12","130","","2","王義雄","1","中國國民黨","107"
"高雄市","林園區","64","000","12","130","","3","詹金福","90","親民黨","20"
"高雄市","大寮區","64","000","12","140","","1","俄鄧．殷艾 Eteng．Ingay","16","民主進步黨","103"
"高雄市","大寮區","64","000","12","140","","2","王義雄","1","中國國民黨","146"
"高雄市","大寮區","64","000","12","140","","3","詹金福","90","親民黨","43"
"高雄市","大樹區","64","000","12","150","","1","俄鄧．殷艾 Eteng．Ingay","16","民主進步黨","33"
"高雄市","大樹區","64","000","12","150","","2","王義雄","1","中國國民黨","18"
"高雄市","大樹區","64","000","12","150","","3","詹金福","90","親民黨","6"
"高雄市","大社區","64","000","12","160","","1","俄鄧．殷艾 Eteng．Ingay","16","民主進步黨","29"
"高雄市","大社區","64","000","12","160","","2","王義雄","1","中國國民黨","26"
"高雄市","大社區","64","000","12","160","","3","詹金福","90","親民黨","4"
"高雄市","仁武區","64","000","12","170","","1","俄鄧．殷艾 Eteng．Ingay","16","民主進步黨","122"
"高雄市","仁武區","64","000","12","170","","2","王義雄","1","中國國民黨","125"
"高雄市","仁武區","64","000","12","170","","3","詹金福","90","親民黨","15"
"高雄市","鳥松區","64","000","12","180","","1","俄鄧．殷艾 Eteng．Ingay","16","民主進步黨","33"
"高雄市","鳥松區","64","000","12","180","","2","王義雄","1","中國國民黨","12"
"高雄市","鳥松區","64","000","12","180","","3","詹金福","90","親民黨","4"
"高雄市","岡山區","64","000","12","190","","1","俄鄧．殷艾 Eteng．Ingay","16","民主進步黨","63"
"高雄市","岡山區","64","000","12","190","","2","王義雄","1","中國國民黨","72"
"高雄市","岡山區","64","000","12","190","","3","詹金福","90","親民黨","20"
"高雄市","橋頭區","64","000","12","200","","1","俄鄧．殷艾 Eteng．Ingay","16","民主進步黨","34"
"高雄市","橋頭區","64","000","12","200","","2","王義雄","1","中國國民黨","12"
"高雄市","橋頭區","64","000","12","200","","3","詹金福","90","親民黨","5"
"高雄市","燕巢區","64","000","12","210","","1","俄鄧．殷艾 Eteng．Ingay","16","民主進步黨","12"
"高雄市","燕巢區","64","000","12","210","","2","王義雄","1","中國國民黨","19"
"高雄市","燕巢區","64","000","12","210","","3","詹金福","90","親民黨","2"
"高雄市","田寮區","64","000","12","220","","1","俄鄧．殷艾 Eteng．Ingay","16","民主進步黨","0"
"高雄市","田寮區","64","000","12","220","","2","王義雄","1","中國國民黨","0"
"高雄市","田寮區","64","000","12","220","","3","詹金福","90","親民黨","1"
"高雄市","阿蓮區","64","000","12","230","","1","俄鄧．殷艾 Eteng．Ingay","16","民主進步黨","4"
"高雄市","阿蓮區","64","000","12","230","","2","王義雄","1","中國國民黨","4"
"高雄市","阿蓮區","64","000","12","230","","3","詹金福","90","親民黨","4"
"高雄市","路竹區","64","000","12","240","","1","俄鄧．殷艾 Eteng．Ingay","16","民主進步黨","9"
"高雄市","路竹區","64","000","12","240","","2","王義雄","1","中國國民黨","15"
"高雄市","路竹區","64","000","12","240","","3","詹金福","90","親民黨","4"
"高雄市","湖內區","64","000","12","250","","1","俄鄧．殷艾 Eteng．Ingay","16","民主進步黨","29"
"高雄市","湖內區","64","000","12","250","","2","王義雄","1","中國國民黨","31"
"高雄市","湖內區","64","000","12","250","","3","詹金福","90","親民黨","6"
"高雄市","茄萣區","64","000","12","260","","1","俄鄧．殷艾 Eteng．Ingay","16","民主進步黨","5"
"高雄市","茄萣區","64","000","12","260","","2","王義雄","1","中國國民黨","1"
"高雄市","茄萣區","64","000","12","260","","3","詹金福","90","親民黨","1"
"高雄市","永安區","64","000","12","270","","1","俄鄧．殷艾 Eteng．Ingay","16","民主進步黨","10"
"高雄市","永安區","64","000","12","270","","2","王義雄","1","中國國民黨","2"
"高雄市","永安區","64","000","12","270","","3","詹金福","90","親民黨","5"
"高雄市","彌陀區","64","000","12","280","","1","俄鄧．殷艾 Eteng．Ingay","16","民主進步黨","11"
"高雄市","彌陀區","64","000","12","280","","2","王義雄","1","中國國民黨","6"
"高雄市","彌陀區","64","000","12","280","","3","詹金福","90","親民黨","0"
"高雄市","梓官區","64","000","12","290","","1","俄鄧．殷艾 Eteng．Ingay","16","民主進步黨","28"
"高雄市","梓官區","64","000","12","290","","2","王義雄","1","中國國民黨","27"
"高雄市","梓官區","64","000","12","290","","3","詹金福","90","親民黨","9"
"高雄市","旗山區","64","000","12","300","","1","俄鄧．殷艾 Eteng．Ingay","16","民主進步黨","5"
"高雄市","旗山區","64","000","12","300","","2","王義雄","1","中國國民黨","9"
"高雄市","旗山區","64","000","12","300","","3","詹金福","90","親民黨","9"
"高雄市","美濃區","64","000","12","310","","1","俄鄧．殷艾 Eteng．Ingay","16","民主進步黨","12"
"高雄市","美濃區","64","000","12","310","","2","王義雄","1","中國國民黨","10"
"高雄市","美濃區","64","000","12","310","","3","詹金福","90","親民黨","7"
"高雄市","六龜區","64","000","12","320","","1","俄鄧．殷艾 Eteng．Ingay","16","民主進步黨","5"
"高雄市","六龜區","64","000","12","320","","2","王義雄","1","中國國民黨","3"
"高雄市","六龜區","64","000","12","320","","3","詹金福","90","親民黨","2"
"高雄市","甲仙區","64","000","12","330","","1","俄鄧．殷艾 Eteng．Ingay","16","民主進步黨","3"
"高雄市","甲仙區","64","000","12","330","","2","王義雄","1","中國國民黨","2"
"高雄市","甲仙區","64","000","12","330","","3","詹金福","90","親民黨","5"
"高雄市","杉林區","64","000","12","340","","1","俄鄧．殷艾 Eteng．Ingay","16","民主進步黨","12"
"高雄市","杉林區","64","000","12","340","","2","王義雄","1","中國國民黨","1"
"高雄市","杉林區","64","000","12","340","","3","詹金福","90","親民黨","4"
"高雄市","內門區","64","000","12","350","","1","俄鄧．殷艾 Eteng．Ingay","16","民主進步黨","8"
"高雄市","內門區","64","000","12","350","","2","王義雄","1","中國國民黨","5"
"高雄市","內門區","64","000","12","350","","3","詹金福","90","親民黨","4"
"高雄市","茂林區","64","000","12","360","","1","俄鄧．殷艾 Eteng．Ingay","16","民主進步黨","10"
"高雄市","茂林區","64","000","12","360","","2","王義雄","1","中國國民黨","14"
"高雄市","茂林區","64","000","12","360","","3","詹金福","90","親民黨","2"
"高雄市","桃源區","64","000","12","370","","1","俄鄧．殷艾 Eteng．Ingay","16","民主進步黨","12"
"高雄市","桃源區","64","000","12","370","","2","王義雄","1","中國國民黨","4"
"高雄市","桃源區","64","000","12","370","","3","詹金福","90","親民黨","6"
"高雄市","那瑪夏區","64","000","12","380","","1","俄鄧．殷艾 Eteng．Ingay","16","民主進步黨","13"
"高雄市","那瑪夏區","64","000","12","380","","2","王義雄","1","中國國民黨","5"
"高雄市","那瑪夏區","64","000","12","380","","3","詹金福","90","親民黨","1"
"新北市","新北市第11選區","65","000","11","000","","1","宋雨蓁Nikar．Falong","1","中國國民黨","4618"
"新北市","新北市第11選區","65","000","11","000","","2","蘇錦雄Paylang．Caya","16","民主進步黨","1314"
"新北市","新北市第11選區","65","000","11","000","","3","達佶祐．卡造Takiyo．Kacaw","258","軍公教聯盟黨","505"
"新北市","新北市第11選區","65","000","11","000","","4","忠仁．達祿斯","1","中國國民黨","2142"
"新北市","新北市第11選區","65","000","11","000","","5","楊春妹","1","中國國民黨","5054"
"新北市","板橋區","65","000","11","010","","1","宋雨蓁Nikar．Falong","1","中國國民黨","372"
"新北市","板橋區","65","000","11","010","","2","蘇錦雄Paylang．Caya","16","民主進步黨","106"
"新北市","板橋區","65","000","11","010","","3","達佶祐．卡造Takiyo．Kacaw","258","軍公教聯盟黨","52"
"新北市","板橋區","65","000","11","010","","4","忠仁．達祿斯","1","中國國民黨","191"
"新北市","板橋區","65","000","11","010","","5","楊春妹","1","中國國民黨","292"
"新北市","三重區","65","000","11","020","","1","宋雨蓁Nikar．Falong","1","中國國民黨","173"
"新北市","三重區","65","000","11","020","","2","蘇錦雄Paylang．Caya","16","民主進步黨","69"
"新北市","三重區","65","000","11","020","","3","達佶祐．卡造Takiyo．Kacaw","258","軍公教聯盟黨","32"
"新北市","三重區","65","000","11","020","","4","忠仁．達祿斯","1","中國國民黨","44"
"新北市","三重區","65","000","11","020","","5","楊春妹","1","中國國民黨","165"
"新北市","中和區","65","000","11","030","","1","宋雨蓁Nikar．Falong","1","中國國民黨","223"
"新北市","中和區","65","000","11","030","","2","蘇錦雄Paylang．Caya","16","民主進步黨","64"
"新北市","中和區","65","000","11","030","","3","達佶祐．卡造Takiyo．Kacaw","258","軍公教聯盟黨","35"
"新北市","中和區","65","000","11","030","","4","忠仁．達祿斯","1","中國國民黨","65"
"新北市","中和區","65","000","11","030","","5","楊春妹","1","中國國民黨","270"
"新北市","永和區","65","000","11","040","","1","宋雨蓁Nikar．Falong","1","中國國民黨","87"
"新北市","永和區","65","000","11","040","","2","蘇錦雄Paylang．Caya","16","民主進步黨","23"
"新北市","永和區","65","000","11","040","","3","達佶祐．卡造Takiyo．Kacaw","258","軍公教聯盟黨","23"
"新北市","永和區","65","000","11","040","","4","忠仁．達祿斯","1","中國國民黨","18"
"新北市","永和區","65","000","11","040","","5","楊春妹","1","中國國民黨","53"
"新北市","新莊區","65","000","11","050","","1","宋雨蓁Nikar．Falong","1","中國國民黨","228"
"新北市","新莊區","65","000","11","050","","2","蘇錦雄Paylang．Caya","16","民主進步黨","109"
"新北市","新莊區","65","000","11","050","","3","達佶祐．卡造Takiyo．Kacaw","258","軍公教聯盟黨","31"
"新北市","新莊區","65","000","11","050","","4","忠仁．達祿斯","1","中國國民黨","150"
"新北市","新莊區","65","000","11","050","","5","楊春妹","1","中國國民黨","806"
"新北市","新店區","65","000","11","060","","1","宋雨蓁Nikar．Falong","1","中國國民黨","375"
"新北市","新店區","65","000","11","060","","2","蘇錦雄Paylang．Caya","16","民主進步黨","82"
"新北市","新店區","65","000","11","060","","3","達佶祐．卡造Takiyo．Kacaw","258","軍公教聯盟黨","47"
"新北市","新店區","65","000","11","060","","4","忠仁．達祿斯","1","中國國民黨","101"
"新北市","新店區","65","000","11","060","","5","楊春妹","1","中國國民黨","264"
"新北市","樹林區","65","000","11","070","","1","宋雨蓁Nikar．Falong","1","中國國民黨","482"
"新北市","樹林區","65","000","11","070","","2","蘇錦雄Paylang．Caya","16","民主進步黨","179"
"新北市","樹林區","65","000","11","070","","3","達佶祐．卡造Takiyo．Kacaw","258","軍公教聯盟黨","25"
"新北市","樹林區","65","000","11","070","","4","忠仁．達祿斯","1","中國國民黨","509"
"新北市","樹林區","65","000","11","070","","5","楊春妹","1","中國國民黨","624"
"新北市","鶯歌區","65","000","11","080","","1","宋雨蓁Nikar．Falong","1","中國國民黨","201"
"新北市","鶯歌區","65","000","11","080","","2","蘇錦雄Paylang．Caya","16","民主進步黨","68"
"新北市","鶯歌區","65","000","11","080","","3","達佶祐．卡造Takiyo．Kacaw","258","軍公教聯盟黨","23"
"新北市","鶯歌區","65","000","11","080","","4","忠仁．達祿斯","1","中國國民黨","95"
"新北市","鶯歌區","65","000","11","080","","5","楊春妹","1","中國國民黨","198"
"新北市","三峽區","65","000","11","090","","1","宋雨蓁Nikar．Falong","1","中國國民黨","192"
"新北市","三峽區","65","000","11","090","","2","蘇錦雄Paylang．Caya","16","民主進步黨","57"
"新北市","三峽區","65","000","11","090","","3","達佶祐．卡造Takiyo．Kacaw","258","軍公教聯盟黨","24"
"新北市","三峽區","65","000","11","090","","4","忠仁．達祿斯","1","中國國民黨","125"
"新北市","三峽區","65","000","11","090","","5","楊春妹","1","中國國民黨","302"
"新北市","淡水區","65","000","11","100","","1","宋雨蓁Nikar．Falong","1","中國國民黨","168"
"新北市","淡水區","65","000","11","100","","2","蘇錦雄Paylang．Caya","16","民主進步黨","36"
"新北市","淡水區","65","000","11","100","","3","達佶祐．卡造Takiyo．Kacaw","258","軍公教聯盟黨","38"
"新北市","淡水區","65","000","11","100","","4","忠仁．達祿斯","1","中國國民黨","26"
"新北市","淡水區","65","000","11","100","","5","楊春妹","1","中國國民黨","101"
"新北市","汐止區","65","000","11","110","","1","宋雨蓁Nikar．Falong","1","中國國民黨","531"
"新北市","汐止區","65","000","11","110","","2","蘇錦雄Paylang．Caya","16","民主進步黨","121"
"新北市","汐止區","65","000","11","110","","3","達佶祐．卡造Takiyo．Kacaw","258","軍公教聯盟黨","31"
"新北市","汐止區","65","000","11","110","","4","忠仁．達祿斯","1","中國國民黨","327"
"新北市","汐止區","65","000","11","110","","5","楊春妹","1","中國國民黨","562"
"新北市","瑞芳區","65","000","11","120","","1","宋雨蓁Nikar．Falong","1","中國國民黨","229"
"新北市","瑞芳區","65","000","11","120","","2","蘇錦雄Paylang．Caya","16","民主進步黨","24"
"新北市","瑞芳區","65","000","11","120","","3","達佶祐．卡造Takiyo．Kacaw","258","軍公教聯盟黨","12"
"新北市","瑞芳區","65","000","11","120","","4","忠仁．達祿斯","1","中國國民黨","49"
"新北市","瑞芳區","65","000","11","120","","5","楊春妹","1","中國國民黨","162"
"新北市","土城區","65","000","11","130","","1","宋雨蓁Nikar．Falong","1","中國國民黨","474"
"新北市","土城區","65","000","11","130","","2","蘇錦雄Paylang．Caya","16","民主進步黨","123"
"新北市","土城區","65","000","11","130","","3","達佶祐．卡造Takiyo．Kacaw","258","軍公教聯盟黨","26"
"新北市","土城區","65","000","11","130","","4","忠仁．達祿斯","1","中國國民黨","140"
"新北市","土城區","65","000","11","130","","5","楊春妹","1","中國國民黨","469"
"新北市","蘆洲區","65","000","11","140","","1","宋雨蓁Nikar．Falong","1","中國國民黨","217"
"新北市","蘆洲區","65","000","11","140","","2","蘇錦雄Paylang．Caya","16","民主進步黨","60"
"新北市","蘆洲區","65","000","11","140","","3","達佶祐．卡造Takiyo．Kacaw","258","軍公教聯盟黨","29"
"新北市","蘆洲區","65","000","11","140","","4","忠仁．達祿斯","1","中國國民黨","69"
"新北市","蘆洲區","65","000","11","140","","5","楊春妹","1","中國國民黨","158"
"新北市","五股區","65","000","11","150","","1","宋雨蓁Nikar．Falong","1","中國國民黨","133"
"新北市","五股區","65","000","11","150","","2","蘇錦雄Paylang．Caya","16","民主進步黨","41"
"新北市","五股區","65","000","11","150","","3","達佶祐．卡造Takiyo．Kacaw","258","軍公教聯盟黨","25"
"新北市","五股區","65","000","11","150","","4","忠仁．達祿斯","1","中國國民黨","53"
"新北市","五股區","65","000","11","150","","5","楊春妹","1","中國國民黨","163"
"新北市","泰山區","65","000","11","160","","1","宋雨蓁Nikar．Falong","1","中國國民黨","93"
"新北市","泰山區","65","000","11","160","","2","蘇錦雄Paylang．Caya","16","民主進步黨","28"
"新北市","泰山區","65","000","11","160","","3","達佶祐．卡造Takiyo．Kacaw","258","軍公教聯盟黨","8"
"新北市","泰山區","65","000","11","160","","4","忠仁．達祿斯","1","中國國民黨","66"
"新北市","泰山區","65","000","11","160","","5","楊春妹","1","中國國民黨","88"
"新北市","林口區","65","000","11","170","","1","宋雨蓁Nikar．Falong","1","中國國民黨","192"
"新北市","林口區","65","000","11","170","","2","蘇錦雄Paylang．Caya","16","民主進步黨","38"
"新北市","林口區","65","000","11","170","","3","達佶祐．卡造Takiyo．Kacaw","258","軍公教聯盟黨","11"
"新北市","林口區","65","000","11","170","","4","忠仁．達祿斯","1","中國國民黨","56"
"新北市","林口區","65","000","11","170","","5","楊春妹","1","中國國民黨","153"
"新北市","深坑區","65","000","11","180","","1","宋雨蓁Nikar．Falong","1","中國國民黨","23"
"新北市","深坑區","65","000","11","180","","2","蘇錦雄Paylang．Caya","16","民主進步黨","7"
"新北市","深坑區","65","000","11","180","","3","達佶祐．卡造Takiyo．Kacaw","258","軍公教聯盟黨","3"
"新北市","深坑區","65","000","11","180","","4","忠仁．達祿斯","1","中國國民黨","4"
"新北市","深坑區","65","000","11","180","","5","楊春妹","1","中國國民黨","19"
"新北市","石碇區","65","000","11","190","","1","宋雨蓁Nikar．Falong","1","中國國民黨","4"
"新北市","石碇區","65","000","11","190","","2","蘇錦雄Paylang．Caya","16","民主進步黨","0"
"新北市","石碇區","65","000","11","190","","3","達佶祐．卡造Takiyo．Kacaw","258","軍公教聯盟黨","0"
"新北市","石碇區","65","000","11","190","","4","忠仁．達祿斯","1","中國國民黨","1"
"新北市","石碇區","65","000","11","190","","5","楊春妹","1","中國國民黨","0"
"新北市","坪林區","65","000","11","200","","1","宋雨蓁Nikar．Falong","1","中國國民黨","1"
"新北市","坪林區","65","000","11","200","","2","蘇錦雄Paylang．Caya","16","民主進步黨","0"
"新北市","坪林區","65","000","11","200","","3","達佶祐．卡造Takiyo．Kacaw","258","軍公教聯盟黨","0"
"新北市","坪林區","65","000","11","200","","4","忠仁．達祿斯","1","中國國民黨","0"
"新北市","坪林區","65","000","11","200","","5","楊春妹","1","中國國民黨","1"
"新北市","三芝區","65","000","11","210","","1","宋雨蓁Nikar．Falong","1","中國國民黨","48"
"新北市","三芝區","65","000","11","210","","2","蘇錦雄Paylang．Caya","16","民主進步黨","13"
"新北市","三芝區","65","000","11","210","","3","達佶祐．卡造Takiyo．Kacaw","258","軍公教聯盟黨","8"
"新北市","三芝區","65","000","11","210","","4","忠仁．達祿斯","1","中國國民黨","9"
"新北市","三芝區","65","000","11","210","","5","楊春妹","1","中國國民黨","27"
"新北市","石門區","65","000","11","220","","1","宋雨蓁Nikar．Falong","1","中國國民黨","8"
"新北市","石門區","65","000","11","220","","2","蘇錦雄Paylang．Caya","16","民主進步黨","4"
"新北市","石門區","65","000","11","220","","3","達佶祐．卡造Takiyo．Kacaw","258","軍公教聯盟黨","0"
"新北市","石門區","65","000","11","220","","4","忠仁．達祿斯","1","中國國民黨","2"
"新北市","石門區","65","000","11","220","","5","楊春妹","1","中國國民黨","1"
"新北市","八里區","65","000","11","230","","1","宋雨蓁Nikar．Falong","1","中國國民黨","64"
"新北市","八里區","65","000","11","230","","2","蘇錦雄Paylang．Caya","16","民主進步黨","45"
"新北市","八里區","65","000","11","230","","3","達佶祐．卡造Takiyo．Kacaw","258","軍公教聯盟黨","8"
"新北市","八里區","65","000","11","230","","4","忠仁．達祿斯","1","中國國民黨","15"
"新北市","八里區","65","000","11","230","","5","楊春妹","1","中國國民黨","88"
"新北市","平溪區","65","000","11","240","","1","宋雨蓁Nikar．Falong","1","中國國民黨","6"
"新北市","平溪區","65","000","11","240","","2","蘇錦雄Paylang．Caya","16","民主進步黨","0"
"新北市","平溪區","65","000","11","240","","3","達佶祐．卡造Takiyo．Kacaw","258","軍公教聯盟黨","0"
"新北市","平溪區","65","000","11","240","","4","忠仁．達祿斯","1","中國國民黨","0"
"新北市","平溪區","65","000","11","240","","5","楊春妹","1","中國國民黨","2"
"新北市","雙溪區","65","000","11","250","","1","宋雨蓁Nikar．Falong","1","中國國民黨","2"
"新北市","雙溪區","65","000","11","250","","2","蘇錦雄Paylang．Caya","16","民主進步黨","1"
"新北市","雙溪區","65","000","11","250","","3","達佶祐．卡造Takiyo．Kacaw","258","軍公教聯盟黨","1"
"新北市","雙溪區","65","000","11","250","","4","忠仁．達祿斯","1","中國國民黨","0"
"新北市","雙溪區","65","000","11","250","","5","楊春妹","1","中國國民黨","2"
"新北市","貢寮區","65","000","11","260","","1","宋雨蓁Nikar．Falong","1","中國國民黨","9"
"新北市","貢寮區","65","000","11","260","","2","蘇錦雄Paylang．Caya","16","民主進步黨","1"
"新北市","貢寮區","65","000","11","260","","3","達佶祐．卡造Takiyo．Kacaw","258","軍公教聯盟黨","2"
"新北市","貢寮區","65","000","11","260","","4","忠仁．達祿斯","1","中國國民黨","1"
"新北市","貢寮區","65","000","11","260","","5","楊春妹","1","中國國民黨","9"
"新北市","金山區","65","000","11","270","","1","宋雨蓁Nikar．Falong","1","中國國民黨","10"
"新北市","金山區","65","000","11","270","","2","蘇錦雄Paylang．Caya","16","民主進步黨","4"
"新北市","金山區","65","000","11","270","","3","達佶祐．卡造Takiyo．Kacaw","258","軍公教聯盟黨","2"
"新北市","金山區","65","000","11","270","","4","忠仁．達祿斯","1","中國國民黨","4"
"新北市","金山區","65","000","11","270","","5","楊春妹","1","中國國民黨","14"
"新北市","萬里區","65","000","11","280","","1","宋雨蓁Nikar．Falong","1","中國國民黨","28"
"新北市","萬里區","65","000","11","280","","2","蘇錦雄Paylang．Caya","16","民主進步黨","7"
"新北市","萬里區","65","000","11","280","","3","達佶祐．卡造Takiyo．Kacaw","258","軍公教聯盟黨","5"
"新北市","萬里區","65","000","11","280","","4","忠仁．達祿斯","1","中國國民黨","15"
"新北市","萬里區","65","000","11","280","","5","楊春妹","1","中國國民黨","39"
"新北市","烏來區","65","000","11","290","","1","宋雨蓁Nikar．Falong","1","中國國民黨","45"
"新北市","烏來區","65","000","11","290","","2","蘇錦雄Paylang．Caya","16","民主進步黨","4"
"新北市","烏來區","65","000","11","290","","3","達佶祐．卡造Takiyo．Kacaw","258","軍公教聯盟黨","4"
"新北市","烏來區","65","000","11","290","","4","忠仁．達祿斯","1","中國國民黨","7"
"新北市","烏來區","65","000","11","290","","5","楊春妹","1","中國國民黨","22"
"臺中市","臺中市第15選區","66","000","15","000","","1","洪金福","90","親民黨","1766"
"臺中市","臺中市第15選區","66","000","15","000","","2","黃仁","1","中國國民黨","1957"
"臺中市","臺中市第15選區","66","000","15","000","","3","温建華","999","無黨籍及未經政黨推薦","589"
"臺中市","臺中市第15選區","66","000","15","000","","4","江愛珍","258","軍公教聯盟黨","750"
"臺中市","中區","66","000","15","010","","1","洪金福","90","親民黨","4"
"臺中市","中區","66","000","15","010","","2","黃仁","1","中國國民黨","3"
"臺中市","中區","66","000","15","010","","3","温建華","999","無黨籍及未經政黨推薦","1"
"臺中市","中區","66","000","15","010","","4","江愛珍","258","軍公教聯盟黨","3"
"臺中市","東區","66","000","15","020","","1","洪金福","90","親民黨","26"
"臺中市","東區","66","000","15","020","","2","黃仁","1","中國國民黨","30"
"臺中市","東區","66","000","15","020","","3","温建華","999","無黨籍及未經政黨推薦","20"
"臺中市","東區","66","000","15","020","","4","江愛珍","258","軍公教聯盟黨","13"
"臺中市","南區","66","000","15","030","","1","洪金福","90","親民黨","51"
"臺中市","南區","66","000","15","030","","2","黃仁","1","中國國民黨","42"
"臺中市","南區","66","000","15","030","","3","温建華","999","無黨籍及未經政黨推薦","14"
"臺中市","南區","66","000","15","030","","4","江愛珍","258","軍公教聯盟黨","35"
"臺中市","西區","66","000","15","040","","1","洪金福","90","親民黨","21"
"臺中市","西區","66","000","15","040","","2","黃仁","1","中國國民黨","22"
"臺中市","西區","66","000","15","040","","3","温建華","999","無黨籍及未經政黨推薦","12"
"臺中市","西區","66","000","15","040","","4","江愛珍","258","軍公教聯盟黨","24"
"臺中市","北區","66","000","15","050","","1","洪金福","90","親民黨","44"
"臺中市","北區","66","000","15","050","","2","黃仁","1","中國國民黨","47"
"臺中市","北區","66","000","15","050","","3","温建華","999","無黨籍及未經政黨推薦","16"
"臺中市","北區","66","000","15","050","","4","江愛珍","258","軍公教聯盟黨","35"
"臺中市","西屯區","66","000","15","060","","1","洪金福","90","親民黨","64"
"臺中市","西屯區","66","000","15","060","","2","黃仁","1","中國國民黨","98"
"臺中市","西屯區","66","000","15","060","","3","温建華","999","無黨籍及未經政黨推薦","67"
"臺中市","西屯區","66","000","15","060","","4","江愛珍","258","軍公教聯盟黨","78"
"臺中市","南屯區","66","000","15","070","","1","洪金福","90","親民黨","54"
"臺中市","南屯區","66","000","15","070","","2","黃仁","1","中國國民黨","70"
"臺中市","南屯區","66","000","15","070","","3","温建華","999","無黨籍及未經政黨推薦","55"
"臺中市","南屯區","66","000","15","070","","4","江愛珍","258","軍公教聯盟黨","34"
"臺中市","北屯區","66","000","15","080","","1","洪金福","90","親民黨","161"
"臺中市","北屯區","66","000","15","080","","2","黃仁","1","中國國民黨","144"
"臺中市","北屯區","66","000","15","080","","3","温建華","999","無黨籍及未經政黨推薦","44"
"臺中市","北屯區","66","000","15","080","","4","江愛珍","258","軍公教聯盟黨","71"
"臺中市","豐原區","66","000","15","090","","1","洪金福","90","親民黨","74"
"臺中市","豐原區","66","000","15","090","","2","黃仁","1","中國國民黨","70"
"臺中市","豐原區","66","000","15","090","","3","温建華","999","無黨籍及未經政黨推薦","7"
"臺中市","豐原區","66","000","15","090","","4","江愛珍","258","軍公教聯盟黨","36"
"臺中市","東勢區","66","000","15","100","","1","洪金福","90","親民黨","18"
"臺中市","東勢區","66","000","15","100","","2","黃仁","1","中國國民黨","14"
"臺中市","東勢區","66","000","15","100","","3","温建華","999","無黨籍及未經政黨推薦","2"
"臺中市","東勢區","66","000","15","100","","4","江愛珍","258","軍公教聯盟黨","10"
"臺中市","大甲區","66","000","15","110","","1","洪金福","90","親民黨","17"
"臺中市","大甲區","66","000","15","110","","2","黃仁","1","中國國民黨","18"
"臺中市","大甲區","66","000","15","110","","3","温建華","999","無黨籍及未經政黨推薦","2"
"臺中市","大甲區","66","000","15","110","","4","江愛珍","258","軍公教聯盟黨","15"
"臺中市","清水區","66","000","15","120","","1","洪金福","90","親民黨","56"
"臺中市","清水區","66","000","15","120","","2","黃仁","1","中國國民黨","23"
"臺中市","清水區","66","000","15","120","","3","温建華","999","無黨籍及未經政黨推薦","11"
"臺中市","清水區","66","000","15","120","","4","江愛珍","258","軍公教聯盟黨","12"
"臺中市","沙鹿區","66","000","15","130","","1","洪金福","90","親民黨","54"
"臺中市","沙鹿區","66","000","15","130","","2","黃仁","1","中國國民黨","63"
"臺中市","沙鹿區","66","000","15","130","","3","温建華","999","無黨籍及未經政黨推薦","29"
"臺中市","沙鹿區","66","000","15","130","","4","江愛珍","258","軍公教聯盟黨","22"
"臺中市","梧棲區","66","000","15","140","","1","洪金福","90","親民黨","82"
"臺中市","梧棲區","66","000","15","140","","2","黃仁","1","中國國民黨","112"
"臺中市","梧棲區","66","000","15","140","","3","温建華","999","無黨籍及未經政黨推薦","14"
"臺中市","梧棲區","66","000","15","140","","4","江愛珍","258","軍公教聯盟黨","21"
"臺中市","后里區","66","000","15","150","","1","洪金福","90","親民黨","41"
"臺中市","后里區","66","000","15","150","","2","黃仁","1","中國國民黨","43"
"臺中市","后里區","66","000","15","150","","3","温建華","999","無黨籍及未經政黨推薦","12"
"臺中市","后里區","66","000","15","150","","4","江愛珍","258","軍公教聯盟黨","16"
"臺中市","神岡區","66","000","15","160","","1","洪金福","90","親民黨","44"
"臺中市","神岡區","66","000","15","160","","2","黃仁","1","中國國民黨","71"
"臺中市","神岡區","66","000","15","160","","3","温建華","999","無黨籍及未經政黨推薦","4"
"臺中市","神岡區","66","000","15","160","","4","江愛珍","258","軍公教聯盟黨","21"
"臺中市","潭子區","66","000","15","170","","1","洪金福","90","親民黨","101"
"臺中市","潭子區","66","000","15","170","","2","黃仁","1","中國國民黨","117"
"臺中市","潭子區","66","000","15","170","","3","温建華","999","無黨籍及未經政黨推薦","9"
"臺中市","潭子區","66","000","15","170","","4","江愛珍","258","軍公教聯盟黨","28"
"臺中市","大雅區","66","000","15","180","","1","洪金福","90","親民黨","160"
"臺中市","大雅區","66","000","15","180","","2","黃仁","1","中國國民黨","130"
"臺中市","大雅區","66","000","15","180","","3","温建華","999","無黨籍及未經政黨推薦","40"
"臺中市","大雅區","66","000","15","180","","4","江愛珍","258","軍公教聯盟黨","44"
"臺中市","新社區","66","000","15","190","","1","洪金福","90","親民黨","16"
"臺中市","新社區","66","000","15","190","","2","黃仁","1","中國國民黨","10"
"臺中市","新社區","66","000","15","190","","3","温建華","999","無黨籍及未經政黨推薦","0"
"臺中市","新社區","66","000","15","190","","4","江愛珍","258","軍公教聯盟黨","3"
"臺中市","石岡區","66","000","15","200","","1","洪金福","90","親民黨","1"
"臺中市","石岡區","66","000","15","200","","2","黃仁","1","中國國民黨","4"
"臺中市","石岡區","66","000","15","200","","3","温建華","999","無黨籍及未經政黨推薦","0"
"臺中市","石岡區","66","000","15","200","","4","江愛珍","258","軍公教聯盟黨","2"
"臺中市","外埔區","66","000","15","210","","1","洪金福","90","親民黨","24"
"臺中市","外埔區","66","000","15","210","","2","黃仁","1","中國國民黨","19"
"臺中市","外埔區","66","000","15","210","","3","温建華","999","無黨籍及未經政黨推薦","3"
"臺中市","外埔區","66","000","15","210","","4","江愛珍","258","軍公教聯盟黨","6"
"臺中市","大安區","66","000","15","220","","1","洪金福","90","親民黨","6"
"臺中市","大安區","66","000","15","220","","2","黃仁","1","中國國民黨","8"
"臺中市","大安區","66","000","15","220","","3","温建華","999","無黨籍及未經政黨推薦","0"
"臺中市","大安區","66","000","15","220","","4","江愛珍","258","軍公教聯盟黨","4"
"臺中市","烏日區","66","000","15","230","","1","洪金福","90","親民黨","29"
"臺中市","烏日區","66","000","15","230","","2","黃仁","1","中國國民黨","57"
"臺中市","烏日區","66","000","15","230","","3","温建華","999","無黨籍及未經政黨推薦","16"
"臺中市","烏日區","66","000","15","230","","4","江愛珍","258","軍公教聯盟黨","17"
"臺中市","大肚區","66","000","15","240","","1","洪金福","90","親民黨","81"
"臺中市","大肚區","66","000","15","240","","2","黃仁","1","中國國民黨","140"
"臺中市","大肚區","66","000","15","240","","3","温建華","999","無黨籍及未經政黨推薦","76"
"臺中市","大肚區","66","000","15","240","","4","江愛珍","258","軍公教聯盟黨","33"
"臺中市","龍井區","66","000","15","250","","1","洪金福","90","親民黨","117"
"臺中市","龍井區","66","000","15","250","","2","黃仁","1","中國國民黨","69"
"臺中市","龍井區","66","000","15","250","","3","温建華","999","無黨籍及未經政黨推薦","35"
"臺中市","龍井區","66","000","15","250","","4","江愛珍","258","軍公教聯盟黨","31"
"臺中市","霧峰區","66","000","15","260","","1","洪金福","90","親民黨","39"
"臺中市","霧峰區","66","000","15","260","","2","黃仁","1","中國國民黨","110"
"臺中市","霧峰區","66","000","15","260","","3","温建華","999","無黨籍及未經政黨推薦","4"
"臺中市","霧峰區","66","000","15","260","","4","江愛珍","258","軍公教聯盟黨","14"
"臺中市","太平區","66","000","15","270","","1","洪金福","90","親民黨","187"
"臺中市","太平區","66","000","15","270","","2","黃仁","1","中國國民黨","238"
"臺中市","太平區","66","000","15","270","","3","温建華","999","無黨籍及未經政黨推薦","65"
"臺中市","太平區","66","000","15","270","","4","江愛珍","258","軍公教聯盟黨","68"
"臺中市","大里區","66","000","15","280","","1","洪金福","90","親民黨","145"
"臺中市","大里區","66","000","15","280","","2","黃仁","1","中國國民黨","122"
"臺中市","大里區","66","000","15","280","","3","温建華","999","無黨籍及未經政黨推薦","20"
"臺中市","大里區","66","000","15","280","","4","江愛珍","258","軍公教聯盟黨","38"
"臺中市","和平區","66","000","15","290","","1","洪金福","90","親民黨","49"
"臺中市","和平區","66","000","15","290","","2","黃仁","1","中國國民黨","63"
"臺中市","和平區","66","000","15","290","","3","温建華","999","無黨籍及未經政黨推薦","11"
"臺中市","和平區","66","000","15","290","","4","江愛珍","258","軍公教聯盟黨","16"
"臺南市","臺南市第12選區","67","000","12","000","","1","穎艾達利 Ingay Tali","999","無黨籍及未經政黨推薦","635"
"臺南市","臺南市第12選區","67","000","12","000","","2","簡德輝","1","中國國民黨","340"
"臺南市","臺南市第12選區","67","000","12","000","","3","李美素","16","民主進步黨","373"
"臺南市","新營區","67","000","12","010","","1","穎艾達利 Ingay Tali","999","無黨籍及未經政黨推薦","32"
"臺南市","新營區","67","000","12","010","","2","簡德輝","1","中國國民黨","3"
"臺南市","新營區","67","000","12","010","","3","李美素","16","民主進步黨","33"
"臺南市","鹽水區","67","000","12","020","","1","穎艾達利 Ingay Tali","999","無黨籍及未經政黨推薦","9"
"臺南市","鹽水區","67","000","12","020","","2","簡德輝","1","中國國民黨","1"
"臺南市","鹽水區","67","000","12","020","","3","李美素","16","民主進步黨","12"
"臺南市","白河區","67","000","12","030","","1","穎艾達利 Ingay Tali","999","無黨籍及未經政黨推薦","3"
"臺南市","白河區","67","000","12","030","","2","簡德輝","1","中國國民黨","2"
"臺南市","白河區","67","000","12","030","","3","李美素","16","民主進步黨","2"
"臺南市","柳營區","67","000","12","040","","1","穎艾達利 Ingay Tali","999","無黨籍及未經政黨推薦","12"
"臺南市","柳營區","67","000","12","040","","2","簡德輝","1","中國國民黨","1"
"臺南市","柳營區","67","000","12","040","","3","李美素","16","民主進步黨","8"
"臺南市","後壁區","67","000","12","050","","1","穎艾達利 Ingay Tali","999","無黨籍及未經政黨推薦","3"
"臺南市","後壁區","67","000","12","050","","2","簡德輝","1","中國國民黨","0"
"臺南市","後壁區","67","000","12","050","","3","李美素","16","民主進步黨","2"
"臺南市","東山區","67","000","12","060","","1","穎艾達利 Ingay Tali","999","無黨籍及未經政黨推薦","4"
"臺南市","東山區","67","000","12","060","","2","簡德輝","1","中國國民黨","0"
"臺南市","東山區","67","000","12","060","","3","李美素","16","民主進步黨","2"
"臺南市","麻豆區","67","000","12","070","","1","穎艾達利 Ingay Tali","999","無黨籍及未經政黨推薦","16"
"臺南市","麻豆區","67","000","12","070","","2","簡德輝","1","中國國民黨","4"
"臺南市","麻豆區","67","000","12","070","","3","李美素","16","民主進步黨","5"
"臺南市","下營區","67","000","12","080","","1","穎艾達利 Ingay Tali","999","無黨籍及未經政黨推薦","4"
"臺南市","下營區","67","000","12","080","","2","簡德輝","1","中國國民黨","0"
"臺南市","下營區","67","000","12","080","","3","李美素","16","民主進步黨","3"
"臺南市","六甲區","67","000","12","090","","1","穎艾達利 Ingay Tali","999","無黨籍及未經政黨推薦","6"
"臺南市","六甲區","67","000","12","090","","2","簡德輝","1","中國國民黨","0"
"臺南市","六甲區","67","000","12","090","","3","李美素","16","民主進步黨","4"
"臺南市","官田區","67","000","12","100","","1","穎艾達利 Ingay Tali","999","無黨籍及未經政黨推薦","21"
"臺南市","官田區","67","000","12","100","","2","簡德輝","1","中國國民黨","1"
"臺南市","官田區","67","000","12","100","","3","李美素","16","民主進步黨","11"
"臺南市","大內區","67","000","12","110","","1","穎艾達利 Ingay Tali","999","無黨籍及未經政黨推薦","1"
"臺南市","大內區","67","000","12","110","","2","簡德輝","1","中國國民黨","1"
"臺南市","大內區","67","000","12","110","","3","李美素","16","民主進步黨","0"
"臺南市","佳里區","67","000","12","120","","1","穎艾達利 Ingay Tali","999","無黨籍及未經政黨推薦","23"
"臺南市","佳里區","67","000","12","120","","2","簡德輝","1","中國國民黨","2"
"臺南市","佳里區","67","000","12","120","","3","李美素","16","民主進步黨","13"
"臺南市","學甲區","67","000","12","130","","1","穎艾達利 Ingay Tali","999","無黨籍及未經政黨推薦","8"
"臺南市","學甲區","67","000","12","130","","2","簡德輝","1","中國國民黨","1"
"臺南市","學甲區","67","000","12","130","","3","李美素","16","民主進步黨","3"
"臺南市","西港區","67","000","12","140","","1","穎艾達利 Ingay Tali","999","無黨籍及未經政黨推薦","2"
"臺南市","西港區","67","000","12","140","","2","簡德輝","1","中國國民黨","3"
"臺南市","西港區","67","000","12","140","","3","李美素","16","民主進步黨","1"
"臺南市","七股區","67","000","12","150","","1","穎艾達利 Ingay Tali","999","無黨籍及未經政黨推薦","10"
"臺南市","七股區","67","000","12","150","","2","簡德輝","1","中國國民黨","0"
"臺南市","七股區","67","000","12","150","","3","李美素","16","民主進步黨","1"
"臺南市","將軍區","67","000","12","160","","1","穎艾達利 Ingay Tali","999","無黨籍及未經政黨推薦","6"
"臺南市","將軍區","67","000","12","160","","2","簡德輝","1","中國國民黨","0"
"臺南市","將軍區","67","000","12","160","","3","李美素","16","民主進步黨","3"
"臺南市","北門區","67","000","12","170","","1","穎艾達利 Ingay Tali","999","無黨籍及未經政黨推薦","1"
"臺南市","北門區","67","000","12","170","","2","簡德輝","1","中國國民黨","0"
"臺南市","北門區","67","000","12","170","","3","李美素","16","民主進步黨","4"
"臺南市","新化區","67","000","12","180","","1","穎艾達利 Ingay Tali","999","無黨籍及未經政黨推薦","15"
"臺南市","新化區","67","000","12","180","","2","簡德輝","1","中國國民黨","5"
"臺南市","新化區","67","000","12","180","","3","李美素","16","民主進步黨","10"
"臺南市","善化區","67","000","12","190","","1","穎艾達利 Ingay Tali","999","無黨籍及未經政黨推薦","34"
"臺南市","善化區","67","000","12","190","","2","簡德輝","1","中國國民黨","5"
"臺南市","善化區","67","000","12","190","","3","李美素","16","民主進步黨","9"
"臺南市","新市區","67","000","12","200","","1","穎艾達利 Ingay Tali","999","無黨籍及未經政黨推薦","10"
"臺南市","新市區","67","000","12","200","","2","簡德輝","1","中國國民黨","6"
"臺南市","新市區","67","000","12","200","","3","李美素","16","民主進步黨","4"
"臺南市","安定區","67","000","12","210","","1","穎艾達利 Ingay Tali","999","無黨籍及未經政黨推薦","17"
"臺南市","安定區","67","000","12","210","","2","簡德輝","1","中國國民黨","0"
"臺南市","安定區","67","000","12","210","","3","李美素","16","民主進步黨","3"
"臺南市","山上區","67","000","12","220","","1","穎艾達利 Ingay Tali","999","無黨籍及未經政黨推薦","5"
"臺南市","山上區","67","000","12","220","","2","簡德輝","1","中國國民黨","0"
"臺南市","山上區","67","000","12","220","","3","李美素","16","民主進步黨","1"
"臺南市","玉井區","67","000","12","230","","1","穎艾達利 Ingay Tali","999","無黨籍及未經政黨推薦","3"
"臺南市","玉井區","67","000","12","230","","2","簡德輝","1","中國國民黨","1"
"臺南市","玉井區","67","000","12","230","","3","李美素","16","民主進步黨","1"
"臺南市","楠西區","67","000","12","240","","1","穎艾達利 Ingay Tali","999","無黨籍及未經政黨推薦","2"
"臺南市","楠西區","67","000","12","240","","2","簡德輝","1","中國國民黨","0"
"臺南市","楠西區","67","000","12","240","","3","李美素","16","民主進步黨","3"
"臺南市","南化區","67","000","12","250","","1","穎艾達利 Ingay Tali","999","無黨籍及未經政黨推薦","1"
"臺南市","南化區","67","000","12","250","","2","簡德輝","1","中國國民黨","0"
"臺南市","南化區","67","000","12","250","","3","李美素","16","民主進步黨","0"
"臺南市","左鎮區","67","000","12","260","","1","穎艾達利 Ingay Tali","999","無黨籍及未經政黨推薦","6"
"臺南市","左鎮區","67","000","12","260","","2","簡德輝","1","中國國民黨","0"
"臺南市","左鎮區","67","000","12","260","","3","李美素","16","民主進步黨","1"
"臺南市","仁德區","67","000","12","270","","1","穎艾達利 Ingay Tali","999","無黨籍及未經政黨推薦","11"
"臺南市","仁德區","67","000","12","270","","2","簡德輝","1","中國國民黨","19"
"臺南市","仁德區","67","000","12","270","","3","李美素","16","民主進步黨","30"
"臺南市","歸仁區","67","000","12","280","","1","穎艾達利 Ingay Tali","999","無黨籍及未經政黨推薦","28"
"臺南市","歸仁區","67","000","12","280","","2","簡德輝","1","中國國民黨","7"
"臺南市","歸仁區","67","000","12","280","","3","李美素","16","民主進步黨","7"
"臺南市","關廟區","67","000","12","290","","1","穎艾達利 Ingay Tali","999","無黨籍及未經政黨推薦","13"
"臺南市","關廟區","67","000","12","290","","2","簡德輝","1","中國國民黨","1"
"臺南市","關廟區","67","000","12","290","","3","李美素","16","民主進步黨","1"
"臺南市","龍崎區","67","000","12","300","","1","穎艾達利 Ingay Tali","999","無黨籍及未經政黨推薦","0"
"臺南市","龍崎區","67","000","12","300","","2","簡德輝","1","中國國民黨","0"
"臺南市","龍崎區","67","000","12","300","","3","李美素","16","民主進步黨","0"
"臺南市","永康區","67","000","12","310","","1","穎艾達利 Ingay Tali","999","無黨籍及未經政黨推薦","90"
"臺南市","永康區","67","000","12","310","","2","簡德輝","1","中國國民黨","123"
"臺南市","永康區","67","000","12","310","","3","李美素","16","民主進步黨","97"
"臺南市","東區","67","000","12","320","","1","穎艾達利 Ingay Tali","999","無黨籍及未經政黨推薦","56"
"臺南市","東區","67","000","12","320","","2","簡德輝","1","中國國民黨","58"
"臺南市","東區","67","000","12","320","","3","李美素","16","民主進步黨","25"
"臺南市","南區","67","000","12","330","","1","穎艾達利 Ingay Tali","999","無黨籍及未經政黨推薦","22"
"臺南市","南區","67","000","12","330","","2","簡德輝","1","中國國民黨","17"
"臺南市","南區","67","000","12","330","","3","李美素","16","民主進步黨","15"
"臺南市","北區","67","000","12","340","","1","穎艾達利 Ingay Tali","999","無黨籍及未經政黨推薦","56"
"臺南市","北區","67","000","12","340","","2","簡德輝","1","中國國民黨","20"
"臺南市","北區","67","000","12","340","","3","李美素","16","民主進步黨","16"
"臺南市","安南區","67","000","12","350","","1","穎艾達利 Ingay Tali","999","無黨籍及未經政黨推薦","54"
"臺南市","安南區","67","000","12","350","","2","簡德輝","1","中國國民黨","23"
"臺南市","安南區","67","000","12","350","","3","李美素","16","民主進步黨","19"
"臺南市","安平區","67","000","12","360","","1","穎艾達利 Ingay Tali","999","無黨籍及未經政黨推薦","20"
"臺南市","安平區","67","000","12","360","","2","簡德輝","1","中國國民黨","26"
"臺南市","安平區","67","000","12","360","","3","李美素","16","民主進步黨","10"
"臺南市","中西區","67","000","12","370","","1","穎艾達利 Ingay Tali","999","無黨籍及未經政黨推薦","31"
"臺南市","中西區","67","000","12","370","","2","簡德輝","1","中國國民黨","10"
"臺南市","中西區","67","000","12","370","","3","李美素","16","民主進步黨","14"
"桃園市","桃園市第13選區","68","000","13","000","","1","楊進福","1","中國國民黨","2676"
"桃園市","桃園市第13選區","68","000","13","000","","2","林佑洵","999","無黨籍及未經政黨推薦","995"
"桃園市","桃園市第13選區","68","000","13","000","","3","洪國彰","999","無黨籍及未經政黨推薦","1517"
"桃園市","桃園市第13選區","68","000","13","000","","4","張秀菊","999","無黨籍及未經政黨推薦","1125"
"桃園市","桃園市第13選區","68","000","13","000","","5","王仙蓮","1","中國國民黨","1858"
"桃園市","桃園市第13選區","68","000","13","000","","6","陳姿伶 Amuy ．Muwakay","1","中國國民黨","2001"
"桃園市","桃園市第13選區","68","000","13","000","","7","林志強","16","民主進步黨","1657"
"桃園市","桃園市第13選區","68","000","13","000","","8","林偕文","999","無黨籍及未經政黨推薦","613"
"桃園市","桃園市第13選區","68","000","13","000","","9","吳春芳","1","中國國民黨","1588"
"桃園市","桃園區","68","000","13","010","","1","楊進福","1","中國國民黨","288"
"桃園市","桃園區","68","000","13","010","","2","林佑洵","999","無黨籍及未經政黨推薦","175"
"桃園市","桃園區","68","000","13","010","","3","洪國彰","999","無黨籍及未經政黨推薦","130"
"桃園市","桃園區","68","000","13","010","","4","張秀菊","999","無黨籍及未經政黨推薦","151"
"桃園市","桃園區","68","000","13","010","","5","王仙蓮","1","中國國民黨","214"
"桃園市","桃園區","68","000","13","010","","6","陳姿伶 Amuy ．Muwakay","1","中國國民黨","207"
"桃園市","桃園區","68","000","13","010","","7","林志強","16","民主進步黨","186"
"桃園市","桃園區","68","000","13","010","","8","林偕文","999","無黨籍及未經政黨推薦","58"
"桃園市","桃園區","68","000","13","010","","9","吳春芳","1","中國國民黨","150"
"桃園市","中壢區","68","000","13","020","","1","楊進福","1","中國國民黨","175"
"桃園市","中壢區","68","000","13","020","","2","林佑洵","999","無黨籍及未經政黨推薦","126"
"桃園市","中壢區","68","000","13","020","","3","洪國彰","999","無黨籍及未經政黨推薦","130"
"桃園市","中壢區","68","000","13","020","","4","張秀菊","999","無黨籍及未經政黨推薦","134"
"桃園市","中壢區","68","000","13","020","","5","王仙蓮","1","中國國民黨","426"
"桃園市","中壢區","68","000","13","020","","6","陳姿伶 Amuy ．Muwakay","1","中國國民黨","287"
"桃園市","中壢區","68","000","13","020","","7","林志強","16","民主進步黨","191"
"桃園市","中壢區","68","000","13","020","","8","林偕文","999","無黨籍及未經政黨推薦","68"
"桃園市","中壢區","68","000","13","020","","9","吳春芳","1","中國國民黨","125"
"桃園市","大溪區","68","000","13","030","","1","楊進福","1","中國國民黨","126"
"桃園市","大溪區","68","000","13","030","","2","林佑洵","999","無黨籍及未經政黨推薦","54"
"桃園市","大溪區","68","000","13","030","","3","洪國彰","999","無黨籍及未經政黨推薦","374"
"桃園市","大溪區","68","000","13","030","","4","張秀菊","999","無黨籍及未經政黨推薦","85"
"桃園市","大溪區","68","000","13","030","","5","王仙蓮","1","中國國民黨","188"
"桃園市","大溪區","68","000","13","030","","6","陳姿伶 Amuy ．Muwakay","1","中國國民黨","101"
"桃園市","大溪區","68","000","13","030","","7","林志強","16","民主進步黨","433"
"桃園市","大溪區","68","000","13","030","","8","林偕文","999","無黨籍及未經政黨推薦","37"
"桃園市","大溪區","68","000","13","030","","9","吳春芳","1","中國國民黨","152"
"桃園市","楊梅區","68","000","13","040","","1","楊進福","1","中國國民黨","131"
"桃園市","楊梅區","68","000","13","040","","2","林佑洵","999","無黨籍及未經政黨推薦","80"
"桃園市","楊梅區","68","000","13","040","","3","洪國彰","999","無黨籍及未經政黨推薦","104"
"桃園市","楊梅區","68","000","13","040","","4","張秀菊","999","無黨籍及未經政黨推薦","53"
"桃園市","楊梅區","68","000","13","040","","5","王仙蓮","1","中國國民黨","145"
"桃園市","楊梅區","68","000","13","040","","6","陳姿伶 Amuy ．Muwakay","1","中國國民黨","112"
"桃園市","楊梅區","68","000","13","040","","7","林志強","16","民主進步黨","83"
"桃園市","楊梅區","68","000","13","040","","8","林偕文","999","無黨籍及未經政黨推薦","37"
"桃園市","楊梅區","68","000","13","040","","9","吳春芳","1","中國國民黨","92"
"桃園市","蘆竹區","68","000","13","050","","1","楊進福","1","中國國民黨","210"
"桃園市","蘆竹區","68","000","13","050","","2","林佑洵","999","無黨籍及未經政黨推薦","97"
"桃園市","蘆竹區","68","000","13","050","","3","洪國彰","999","無黨籍及未經政黨推薦","92"
"桃園市","蘆竹區","68","000","13","050","","4","張秀菊","999","無黨籍及未經政黨推薦","133"
"桃園市","蘆竹區","68","000","13","050","","5","王仙蓮","1","中國國民黨","81"
"桃園市","蘆竹區","68","000","13","050","","6","陳姿伶 Amuy ．Muwakay","1","中國國民黨","198"
"桃園市","蘆竹區","68","000","13","050","","7","林志強","16","民主進步黨","86"
"桃園市","蘆竹區","68","000","13","050","","8","林偕文","999","無黨籍及未經政黨推薦","144"
"桃園市","蘆竹區","68","000","13","050","","9","吳春芳","1","中國國民黨","122"
"桃園市","大園區","68","000","13","060","","1","楊進福","1","中國國民黨","171"
"桃園市","大園區","68","000","13","060","","2","林佑洵","999","無黨籍及未經政黨推薦","66"
"桃園市","大園區","68","000","13","060","","3","洪國彰","999","無黨籍及未經政黨推薦","136"
"桃園市","大園區","68","000","13","060","","4","張秀菊","999","無黨籍及未經政黨推薦","54"
"桃園市","大園區","68","000","13","060","","5","王仙蓮","1","中國國民黨","113"
"桃園市","大園區","68","000","13","060","","6","陳姿伶 Amuy ．Muwakay","1","中國國民黨","230"
"桃園市","大園區","68","000","13","060","","7","林志強","16","民主進步黨","70"
"桃園市","大園區","68","000","13","060","","8","林偕文","999","無黨籍及未經政黨推薦","57"
"桃園市","大園區","68","000","13","060","","9","吳春芳","1","中國國民黨","66"
"桃園市","龜山區","68","000","13","070","","1","楊進福","1","中國國民黨","861"
"桃園市","龜山區","68","000","13","070","","2","林佑洵","999","無黨籍及未經政黨推薦","84"
"桃園市","龜山區","68","000","13","070","","3","洪國彰","999","無黨籍及未經政黨推薦","73"
"桃園市","龜山區","68","000","13","070","","4","張秀菊","999","無黨籍及未經政黨推薦","72"
"桃園市","龜山區","68","000","13","070","","5","王仙蓮","1","中國國民黨","98"
"桃園市","龜山區","68","000","13","070","","6","陳姿伶 Amuy ．Muwakay","1","中國國民黨","258"
"桃園市","龜山區","68","000","13","070","","7","林志強","16","民主進步黨","110"
"桃園市","龜山區","68","000","13","070","","8","林偕文","999","無黨籍及未經政黨推薦","60"
"桃園市","龜山區","68","000","13","070","","9","吳春芳","1","中國國民黨","206"
"桃園市","八德區","68","000","13","080","","1","楊進福","1","中國國民黨","334"
"桃園市","八德區","68","000","13","080","","2","林佑洵","999","無黨籍及未經政黨推薦","159"
"桃園市","八德區","68","000","13","080","","3","洪國彰","999","無黨籍及未經政黨推薦","186"
"桃園市","八德區","68","000","13","080","","4","張秀菊","999","無黨籍及未經政黨推薦","236"
"桃園市","八德區","68","000","13","080","","5","王仙蓮","1","中國國民黨","186"
"桃園市","八德區","68","000","13","080","","6","陳姿伶 Amuy ．Muwakay","1","中國國民黨","192"
"桃園市","八德區","68","000","13","080","","7","林志強","16","民主進步黨","237"
"桃園市","八德區","68","000","13","080","","8","林偕文","999","無黨籍及未經政黨推薦","70"
"桃園市","八德區","68","000","13","080","","9","吳春芳","1","中國國民黨","185"
"桃園市","龍潭區","68","000","13","090","","1","楊進福","1","中國國民黨","87"
"桃園市","龍潭區","68","000","13","090","","2","林佑洵","999","無黨籍及未經政黨推薦","34"
"桃園市","龍潭區","68","000","13","090","","3","洪國彰","999","無黨籍及未經政黨推薦","75"
"桃園市","龍潭區","68","000","13","090","","4","張秀菊","999","無黨籍及未經政黨推薦","48"
"桃園市","龍潭區","68","000","13","090","","5","王仙蓮","1","中國國民黨","87"
"桃園市","龍潭區","68","000","13","090","","6","陳姿伶 Amuy ．Muwakay","1","中國國民黨","117"
"桃園市","龍潭區","68","000","13","090","","7","林志強","16","民主進步黨","69"
"桃園市","龍潭區","68","000","13","090","","8","林偕文","999","無黨籍及未經政黨推薦","15"
"桃園市","龍潭區","68","000","13","090","","9","吳春芳","1","中國國民黨","215"
"桃園市","平鎮區","68","000","13","100","","1","楊進福","1","中國國民黨","212"
"桃園市","平鎮區","68","000","13","100","","2","林佑洵","999","無黨籍及未經政黨推薦","81"
"桃園市","平鎮區","68","000","13","100","","3","洪國彰","999","無黨籍及未經政黨推薦","153"
"桃園市","平鎮區","68","000","13","100","","4","張秀菊","999","無黨籍及未經政黨推薦","99"
"桃園市","平鎮區","68","000","13","100","","5","王仙蓮","1","中國國民黨","254"
"桃園市","平鎮區","68","000","13","100","","6","陳姿伶 Amuy ．Muwakay","1","中國國民黨","208"
"桃園市","平鎮區","68","000","13","100","","7","林志強","16","民主進步黨","144"
"桃園市","平鎮區","68","000","13","100","","8","林偕文","999","無黨籍及未經政黨推薦","33"
"桃園市","平鎮區","68","000","13","100","","9","吳春芳","1","中國國民黨","171"
"桃園市","新屋區","68","000","13","110","","1","楊進福","1","中國國民黨","23"
"桃園市","新屋區","68","000","13","110","","2","林佑洵","999","無黨籍及未經政黨推薦","13"
"桃園市","新屋區","68","000","13","110","","3","洪國彰","999","無黨籍及未經政黨推薦","18"
"桃園市","新屋區","68","000","13","110","","4","張秀菊","999","無黨籍及未經政黨推薦","16"
"桃園市","新屋區","68","000","13","110","","5","王仙蓮","1","中國國民黨","21"
"桃園市","新屋區","68","000","13","110","","6","陳姿伶 Amuy ．Muwakay","1","中國國民黨","21"
"桃園市","新屋區","68","000","13","110","","7","林志強","16","民主進步黨","14"
"桃園市","新屋區","68","000","13","110","","8","林偕文","999","無黨籍及未經政黨推薦","13"
"桃園市","新屋區","68","000","13","110","","9","吳春芳","1","中國國民黨","42"
"桃園市","觀音區","68","000","13","120","","1","楊進福","1","中國國民黨","45"
"桃園市","觀音區","68","000","13","120","","2","林佑洵","999","無黨籍及未經政黨推薦","21"
"桃園市","觀音區","68","000","13","120","","3","洪國彰","999","無黨籍及未經政黨推薦","31"
"桃園市","觀音區","68","000","13","120","","4","張秀菊","999","無黨籍及未經政黨推薦","28"
"桃園市","觀音區","68","000","13","120","","5","王仙蓮","1","中國國民黨","25"
"桃園市","觀音區","68","000","13","120","","6","陳姿伶 Amuy ．Muwakay","1","中國國民黨","64"
"桃園市","觀音區","68","000","13","120","","7","林志強","16","民主進步黨","28"
"桃園市","觀音區","68","000","13","120","","8","林偕文","999","無黨籍及未經政黨推薦","12"
"桃園市","觀音區","68","000","13","120","","9","吳春芳","1","中國國民黨","45"
"桃園市","復興區","68","000","13","130","","1","楊進福","1","中國國民黨","13"
"桃園市","復興區","68","000","13","130","","2","林佑洵","999","無黨籍及未經政黨推薦","5"
"桃園市","復興區","68","000","13","130","","3","洪國彰","999","無黨籍及未經政黨推薦","15"
"桃園市","復興區","68","000","13","130","","4","張秀菊","999","無黨籍及未經政黨推薦","16"
"桃園市","復興區","68","000","13","130","","5","王仙蓮","1","中國國民黨","20"
"桃園市","復興區","68","000","13","130","","6","陳姿伶 Amuy ．Muwakay","1","中國國民黨","6"
"桃園市","復興區","68","000","13","130","","7","林志強","16","民主進步黨","6"
"桃園市","復興區","68","000","13","130","","8","林偕文","999","無黨籍及未經政黨推薦","9"
"桃園市","復興區","68","000","13","130","","9","吳春芳","1","中國國民黨","17"
